species,a,b,c
Eucalyptus_globulus,36.91293125267105,0.014554312513754369,1.3097782316850912
Nothofagus_dombeyi,29.99120557110957,0.01800479796566225,1.4010457100913614
Pinus_radiata,24.633401250737162,0.02208309849156584,1.465182700639133
